Code,Name,VIX name,Easting,Northing,Latitude,Longitude
2323,Gorey Common S,Gorey Common ,47290,66533,49.1937825005,-2.0349828398
2324,La Piece Mauger S,La Piece Mauger ,44895,69943,49.2244679288,-2.0678001284
2325,Jersey Aero Club E,Jersey Aero Club ,36512,67902,49.2061255337,-2.1828664832
2326,Jersey Airport,Jersey Airport,35655,67880,49.205922244,-2.1946270122
2327,Airport Garages S,Airport Garages ,35552,67337,49.201039015,-2.1960344848
2328,Albert Place S,Albert Place ,41582,65249,49.18228,-2.113304
2329,Albert Place N,Albert Place ,41568,65255,49.18234,-2.1135
2342,Greve d'Azette E,Greve d'Azette ,43667,63816,49.1693843145,-2.0847143137
2343,Bellozanne Road,Bellozanne Road,40741,66437,49.192962154,-2.1248338155
2345,Tunnell Street,Tunnell Street,42753,65877,49.187921063,-2.0972339235
2346,Grouville Arsenal W,Grouville Arsenal ,45477,65148,49.1813478329,-2.0598756226
2347,Brooklyn Street S,Brooklyn Street ,42599,65486,49.1844059696,-2.0993490447
2348,Apple Cottage,Apple Cottage,46497,71181,49.2355847018,-2.0457874262
2349,Archirondel N,Archirondel ,47943,68373,49.2103190982,-2.0259874829
2352,Archirondel S,Archirondel ,47956,68344,49.2100581711,-2.025809641
2353,I. J. Bathe Field S,I. J. Bathe Field ,45148,67673,49.2040547495,-2.0643559718
2354,Atlantic Hotel E,Atlantic Hotel ,33412,65761,49.1868488392,-2.2253732466
2356,Clos de la Mielle W,Clos de la Mielle ,37908,66575,49.1941998919,-2.163702009
2357,The Old Forge W,The Old Forge ,42240,71689,49.24018281,-2.1042389246
2358,Avalon Park E,Avalon Park ,44152,63227,49.1640850841,-2.0780695689
2359,The Powerhouse N,The Powerhouse ,41583,67218,49.1999830857,-2.1132788826
2362,Bagatelle Lane N,Bagatelle Lane ,43334,66011,49.1891230724,-2.0892625682
2363,Aubin Lane,Aubin Lane,43242,64945,49.1795383834,-2.090533258
2364,Bagot Manor Avenue W,Bagot Manor Avenue ,43468,65127,49.1811736438,-2.0874319116
2365,Marett Road E,Marett Road ,42426,64679,49.177150348,-2.1017269816
2367,Les Parquets,Les Parquets,45355,68237,49.209134,-2.061508
2368,Bay View Court,Bay View Court,40916,66321,49.1919188785,-2.122433159
2369,Five Mile Avenue S,Five Mile Avenue ,33035,70195,49.2267137987,-2.2306217232
2372,Rue des Fonds E,Rue des Fonds ,46546,65675,49.186076001,-2.045204302
2373,La Fosse S,La Fosse ,46695,70815,49.2322916295,-2.0430747297
2375,Chemin de Herupe S,Chemin de Herupe ,41437,70709,49.2313734034,-2.11526973
2376,Beaulieu School,Beaulieu School,42860,66024,49.1892423568,-2.0957650363
2378,Beaumont E,Beaumont ,38348,66848,49.1966559718,-2.1576663797
2379,The Poplars,The Poplars,33804,65426,49.1838406959,-2.2199906936
2382,Rue de Bechet N,Rue de Bechet ,41545,69980,49.2248182194,-2.1137896767
2383,Surville Cemetery S,Surville Cemetery ,41582,68864,49.2147834164,-2.1132861239
2385,Bel Royal Gardens,Bel Royal Gardens,39170,67018,49.1981862252,-2.1463884234
2386,Bel Royal Terrace,Bel Royal Terrace,39219,67017,49.1981772978,-2.1457160929
2387,Bel Royal School W,Bel Royal School ,38971,67184,49.1996785471,-2.1491193257
2389,Rue Militaire S,Rue Militaire ,41290,71612,49.2394931906,-2.1172851632
2392,aMaizin! Park N,aMaizin! Park ,35810,69764,49.2228636456,-2.1925195801
2393,Rue Militaire N,Rue Militaire ,41285,71623,49.2395921092,-2.1173537901
2394,Bellozanne Avenue,Bellozanne Avenue,40790,66409,49.1927103248,-2.1241616127
2395,Belvedere Hill,Belvedere Hill,43269,64973,49.1797900088,-2.0901627031
2396,Bethlehem Chapel W,Bethlehem Chapel ,37413,71117,49.2350382217,-2.170522606
2397,Biarritz Hotel W,Biarritz Hotel ,36113,65508,49.1845969824,-2.1883188912
2398,St Ouens Pond N,St Ouens Pond ,33449,68897,49.215047186,-2.2249167934
2423,Birches Avenue W,Birches Avenue ,43289,66790,49.196127861,-2.089873529
2425,Le Saie N,Le Saie ,46982,70938,49.2333943985,-2.03913196
2426,Blanches Pierres,Blanches Pierres,34368,72127,49.2440993508,-2.2123482519
2427,Daisy Cottage,Daisy Cottage,34593,72001,49.2429684329,-2.2092564712
2428,Sydney Crill Park W,Sydney Crill Park ,45993,63859,49.1697526657,-2.0528171903
2429,Bon Air Lane N,Bon Air Lane ,43472,66186,49.1906958579,-2.0873679072
2434,Bonne Nuit Bay E,Bonne Nuit Bay ,41014,72854,49.2506613206,-2.1210721735
2435,Sion Lodge,Sion Lodge,41487,69251,49.2182634342,-2.1145886216
2436,Clos Bertram S,Clos Bertram ,47519,64556,49.1760031163,-2.0318779633
2437,Clos Bertram N,Clos Bertram ,47525,64543,49.1758861503,-2.0317959173
2438,St Andrews Park W,St Andrews Park ,40143,66822,49.1964243948,-2.1330379678
2439,Bouley Bay,Bouley Bay,43876,71504,49.2385111898,-2.0817741492
2452,The Mount,The Mount,43517,71207,49.2358428375,-2.0867065963
2454,Castle View,Castle View,41303,66142,49.1903086609,-2.117124386
2456,Bradford Avenue E,Bradford Avenue ,35452,66098,49.1898975558,-2.1973926483
2457,Brampton Farm W,Brampton Farm ,35993,71090,49.2347878062,-2.1900206279
2458,Shakespeare Hotel W,Shakespeare Hotel ,44765,63507,49.1665983258,-2.0696610704
2459,St Lawrence Church S,St Lawrence Church ,39546,68741,49.2136793121,-2.141231277
2462,Broad Street,Broad Street,41962,65491,49.184453295,-2.1080868639
2463,St Brelades Bay W,St Brelades Bay ,35302,65615,49.1855534252,-2.1994448113
2464,Jersey Rugby Club S,Jersey Rugby Club ,36624,67828,49.205460775,-2.1813288649
2465,Bus Station Entry,Bus Station Entry,41768,65412,49.1837435378,-2.1107483465
2467,Les Cabots E,Les Cabots ,44979,65086,49.180794587,-2.0667071201
2468,Hautes Croix Store S,Hautes Croix Store ,41716,71509,49.2385660061,-2.1114355883
2469,St Clements Church,St Clements Church,45766,64296,49.1736842302,-2.0559238103
2472,Verona Stores S,Verona Stores ,47086,65314,49.1828239941,-2.0378031428
2473,Midland Stores N,Midland Stores ,45063,68169,49.2085153351,-2.0655161442
2474,The Mermaid N,The Mermaid ,35997,67748,49.2047376679,-2.1899323884
2475,Carrefour a Cendre S,Carrefour a Cendre ,36541,70265,49.2273730301,-2.182488862
2476,St Bernards W,St Bernards ,45954,67455,49.2020872664,-2.0532987834
2478,Carrefour Selous W,Carrefour Selous ,39203,70218,49.2269596648,-2.1459419794
2479,Carrefour Selous E,Carrefour Selous ,39208,70223,49.2270046296,-2.1458733445
2482,Castle Green S,Castle Green ,48320,67284,49.20052216,-2.0208359585
2483,The Windmill W,The Windmill ,36508,70931,49.2333612854,-2.1829477163
2484,Rue des Buttes N,Rue des Buttes ,45903,68996,49.2159439427,-2.0539759689
2485,Causie Lane W,Causie Lane ,46237,64249,49.1732570149,-2.0494651483
2486,La Hougue Bie W,La Hougue Bie ,45180,67328,49.2009523453,-2.0639212945
2487,Champ Donne,Champ Donne,34551,71374,49.2373303053,-2.2098247556
2489,Chasse Brunet W,Chasse Brunet ,43605,66924,49.1973309745,-2.0855366755
2492,Chateau des Reves N,Chateau des Reves ,47154,68402,49.2105895688,-2.0368154616
2493,Rue de Carteret W,Rue de Carteret ,43798,64938,49.1794722533,-2.082907322
2494,Kempt Tower S,Kempt Tower ,33350,69442,49.2199465789,-2.2262846561
2495,Chestnut Farm,Chestnut Farm,41577,67040,49.1983825774,-2.1133619098
2496,Chestnut Lea,Chestnut Lea,41427,67628,49.2036700665,-2.1154179792
2497,Rue de la Houguette,Rue de la Houguette,45463,64175,49.1725990001,-2.0600808569
2498,Bagatelle Lane S,Bagatelle Lane ,43320,65987,49.188907347,-2.089454825
2523,Clarke Avenue,Clarke Avenue,41512,67094,49.1988682932,-2.1142535746
2524,Green Farm E,Green Farm ,40378,72298,49.2456626968,-2.1298084941
2525,Colomberie Parade,Colomberie Parade,42569,65173,49.1815916841,-2.0997625584
2526,Clos de la Rocque,Clos de la Rocque,47177,63436,49.1659364626,-2.0365884017
2527,Rue de Mon Sejour N,Rue de Mon Sejour ,42690,67897,49.2060845943,-2.0980846524
2528,Clos de Noirmont,Clos de Noirmont,36835,65340,49.1830905196,-2.1784137296
2529,Red Houses Waitrose E,Red Houses Waitrose ,35099,66148,49.1903444239,-2.2022359554
2532,Richmond Road,Richmond Road,42045,66681,49.195153172,-2.1069422867
2534,Belle Vue S,Belle Vue ,35457,67059,49.1985386259,-2.1973349116
2535,Bagot Manor Avenue E,Bagot Manor Avenue ,43431,65109,49.1810120006,-2.0879395676
2536,Clos Orange N,Clos Orange ,34042,65778,49.1870081375,-2.2167312577
2537,Rue des Arbres,Rue des Arbres,41614,68448,49.211042792,-2.1128485766
2538,Cloverley Court N,Cloverley Court ,47385,68098,49.2078533604,-2.033650712
2539,Abbotsmount,Abbotsmount,41553,66792,49.1961526946,-2.1136921728
2542,Don Farm,Don Farm,35347,66609,49.1944915338,-2.198839023
2543,Convent Court,Convent Court,42225,66090,49.1898384412,-2.1044759292
2545,Corbiere,Corbiere,32471,65159,49.1814250038,-2.2382704652
2546,Old Trinity Hill N,Old Trinity Hill ,42568,66791,49.1961402942,-2.0997659453
2547,Chasse Brunet E,Chasse Brunet ,43663,66945,49.1975194568,-2.0847406807
2548,The Crematorium,The Crematorium,41425,66477,49.1933206154,-2.1154495039
2549,Bon Air Apartments,Bon Air Apartments,45993,63863,49.1697886327,-2.0528171308
2562,Croix au Lion S,Croix au Lion ,36287,69164,49.2174717181,-2.1859658633
2563,Croix au Maitre,Croix au Maitre,45628,69497,49.220451355,-2.0577435687
2564,Rue Cappelain N,Rue Cappelain ,36660,67684,49.204166168,-2.1808336401
2565,Rue Cappelain S,Rue Cappelain ,36662,67692,49.2042381124,-2.1808062613
2568,Manor Park Road,Manor Park Road,41847,66990,49.1979322385,-2.1096574573
2569,De la Salle College,De la Salle College,43114,66184,49.1906797956,-2.0922792948
2572,Miladi Farm Parade E,Miladi Farm Parade ,43901,65355,49.1832211593,-2.0814905509
2573,Devils Hole,Devils Hole,37555,72812,49.2502796308,-2.1685831099
2574,Beach Road W,Beach Road ,42794,64659,49.1769689487,-2.0966799365
2575,Don Bridge,Don Bridge,35344,66567,49.1941138592,-2.1988796966
2576,Royal Crescent,Royal Crescent,42640,65249,49.1822747546,-2.0987881953
2578,Les Residences,Les Residences,47897,67064,49.1985495792,-2.0266445225
2579,Durrell,Durrell,44485,70485,49.229344545,-2.0734226587
2583,Eden Chapel,Eden Chapel,44650,67739,49.2046521788,-2.0711890663
2584,Rue d'Egypte E,Rue d'Egypte ,42631,72262,49.2453334637,-2.0988657111
2585,El Tico S,El Tico ,33652,67853,49.205662008,-2.2221139927
2586,Elizabeth Terminal,Elizabeth Terminal,41355,64942,49.179524,-2.116427
2587,Rue des Cotils,Rue des Cotils,41582,67947,49.2065380378,-2.1132897347
2589,Ville Emphrie N,Ville Emphrie ,39415,68072,49.207663761,-2.1430283145
2592,Rue de la Chesnaie N,Rue de la Chesnaie ,41477,70288,49.2275878197,-2.1147220722
2593,Oak Tree Gardens S,Oak Tree Gardens ,42621,67154,49.19940406,-2.0990363964
2594,Castle Street,Castle Street,41702,65511,49.1846339056,-2.1116532496
2595,West View Hotel N,West View Hotel ,37596,71391,49.2375026785,-2.1680114392
2596,La Chesnee Farm N,La Chesnee Farm ,42923,69688,49.2221876301,-2.09487412
2597,Les Varines E,Les Varines ,43673,65252,49.1822964179,-2.0846189326
2623,Fauvic Farm,Fauvic Farm,46806,64576,49.1761912686,-2.0416563064
2624,Samares Avenue,Samares Avenue,43773,64352,49.1742032486,-2.0832557102
2625,F. C. J. School,F. C. J. School,43451,67247,49.2002361808,-2.0876468985
2626,La Lande E,La Lande ,42104,72370,49.2463065972,-2.1061029883
2627,Highfield Lane S,Highfield Lane ,43622,67686,49.2041825509,-2.0852965569
2628,Gloster Terrace S,Gloster Terrace ,41887,66312,49.1918357353,-2.1091118021
2629,First Tower W,First Tower ,40527,66587,49.1943111325,-2.127769602
2632,First Tower E,First Tower ,40532,66595,49.1943830619,-2.1277009918
2634,Chemin du Moulin S,Chemin du Moulin ,32896,70887,49.2329344225,-2.2325422851
2635,Five Oaks S,Five Oaks ,43991,67080,49.198731291,-2.0802389177
2636,Five Oaks N,Five Oaks ,44014,67108,49.1989829086,-2.079923052
2637,Five Roads,Five Roads,33853,71710,49.2403448891,-2.2194147133
2638,Les Landes Avenue W,Les Landes Avenue ,36265,65768,49.1869357746,-2.1862362862
2639,Clarendon Road,Clarendon Road,42232,66458,49.193147368,-2.1043778561
2642,Marett Road W,Marett Road ,42412,64663,49.1770065353,-2.1019190899
2643,Fosse a l'Ecrivain,Fosse a l'Ecrivain,44653,67751,49.2047600564,-2.0711477591
2646,Fremont Perle,Fremont Perle,40031,72195,49.2447366742,-2.1345742495
2647,Clos des Champs S,Clos des Champs ,45019,68912,49.2151965157,-2.0661107107
2648,Ransoms S,Ransoms ,47484,67810,49.2052625561,-2.0322974347
2649,Gargate N,Gargate ,37374,68844,49.2146000003,-2.1710432541
2652,Gargate S,Gargate ,37372,68868,49.2148157921,-2.1710708622
2653,Clos Orange S,Clos Orange ,34039,65749,49.1867473486,-2.2167719817
2654,Georgetown Road W,Georgetown Road ,43079,64875,49.178909801,-2.0927694742
2656,Albert Road W,Albert Road ,43158,64827,49.1784777964,-2.0916863138
2657,Georgetown Road E,Georgetown Road ,43088,64882,49.178972698,-2.0926459795
2658,Albert Road E,Albert Road ,43081,64848,49.1786670141,-2.0927422496
2659,Mont Cambrai N,Mont Cambrai ,39441,67876,49.205901413,-2.1426712278
2672,Belval S,Belval ,47925,69669,49.2219725283,-2.0262089487
2673,St Matthews Church W,St Matthews Church ,39433,67047,49.1984472842,-2.1427798435
2674,Headlands,Headlands,47257,63351,49.1651712241,-2.0354929685
2675,Rue de Cambrai S,Rue de Cambrai ,43005,71563,49.2390465882,-2.0937344145
2676,Fort William S,Fort William ,47424,66665,49.1949677984,-2.033141956
2678,Devon Gardens N,Devon Gardens ,48146,67222,49.1999670105,-2.0232247753
2679,Clos du Rivage N,Clos du Rivage ,47739,66959,49.1976074648,-2.0288144725
2682,Gorey Pier,Gorey Pier,48298,67196,49.1997311894,-2.0211396504
2683,Devon Gardens S,Devon Gardens ,48141,67215,49.1999041351,-2.0232935244
2684,Clos du Rivage S,Clos du Rivage ,47762,66969,49.1976970912,-2.0284987009
2685,Longbeach N,Longbeach ,47596,66858,49.1967010908,-2.0307784564
2686,Gorey Common N,Gorey Common ,47290,66542,49.1938634259,-2.0349826766
2687,Les Monts E,Les Monts ,47164,67454,49.2020653366,-2.0366951176
2689,Gorse Hill,Gorse Hill,32544,65432,49.1838806341,-2.2372742312
2692,Grainville School,Grainville School,43509,67029,49.1982756603,-2.0868529512
2693,Grands Vaux Court N,Grands Vaux Court ,42858,66939,49.1974697847,-2.0957859706
2694,Salisbury Crescent,Salisbury Crescent,42675,65941,49.1884968782,-2.0983035137
2695,Deloraine Road,Deloraine Road,43263,67529,49.2027728692,-2.0902242617
2696,Grands Vaux School,Grands Vaux School,43190,67517,49.2026653528,-2.0912260817
2697,Grasset Park E,Grasset Park ,43407,64657,49.1769478696,-2.0882725836
2698,Green Farm W,Green Farm ,40387,72292,49.2456087414,-2.1296848927
2723,Green Island W,Green Island ,44328,63178,49.163643273,-2.0756568607
2724,Green Island E,Green Island ,44480,63297,49.1647122023,-2.0735713986
2725,Rue de Bel Air E,Rue de Bel Air ,37834,71238,49.2361278442,-2.1647424263
2726,Ryburn Road E,Ryburn Road ,43323,64529,49.1757973872,-2.08942571
2728,La Collette Flats,La Collette Flats,42207,64692,49.1772680669,-2.1047305335
2729,Greenhills N,Greenhills ,37198,69229,49.2180610174,-2.1734616336
2732,Grenville Court N,Grenville Court ,47717,63707,49.1683666773,-2.0291786985
2734,Grenville Street,Grenville Street,42401,65235,49.1821498517,-2.1020665439
2735,Greve d'Azette W,Greve d'Azette ,43662,63809,49.1693214021,-2.0847829425
2736,Greve de Lecq,Greve de Lecq,35269,72322,49.2458603406,-2.1999764894
2737,Sea View Farm,Sea View Farm,33030,73035,49.2522499759,-2.2307397161
2738,Grosnez House,Grosnez House,32415,73109,49.2529080458,-2.2391887244
2739,Grouville Arsenal E,Grouville Arsenal ,45483,65153,49.181392738,-2.0597932565
2742,Grouville Church W,Grouville Church ,46206,65401,49.1836158018,-2.0498725219
2743,Grouville Church E,Grouville Church ,46225,65426,49.1838404025,-2.0496115131
2745,Les Cabots W,Les Cabots ,44935,65062,49.1805791408,-2.0673109261
2746,Grouville Station S,Grouville Station ,46959,65710,49.1863861673,-2.0395383176
2747,Grouville Station N,Grouville Station ,46952,65724,49.1865121306,-2.0396340997
2748,Beaumont W,Beaumont ,38372,66838,49.1965661189,-2.1573370456
2749,Byron Road N,Byron Road ,42345,66269,49.1914475121,-2.1028286438
2752,La Blanche Maison N,La Blanche Maison ,32379,71600,49.2393392459,-2.2396545447
2753,Hautes Croix Store W,Hautes Croix Store ,41672,71605,49.2394293256,-2.1120394038
2754,Hautes Croix House,Hautes Croix House,41720,71660,49.2399237331,-2.1113800122
2756,Haute Tombette N,Haute Tombette ,37858,71722,49.2404798847,-2.1644154547
2757,Haute Vallee School,Haute Vallee School,41436,67037,49.1983559485,-2.1152965879
2758,Hautlieu School,Hautlieu School,43160,66388,49.1925138706,-2.091646622
2759,Ebenezer Chapel W,Ebenezer Chapel ,42568,71463,49.2381494115,-2.099736072
2762,Highfield Lane N,Highfield Lane ,43616,67690,49.2042185531,-2.0853788568
2763,Highview Lane,Highview Lane,41650,67278,49.2005224115,-2.1123592966
2764,Mont a l'Abbe Sch N,Mont a l'Abbe Sch ,41549,67554,49.2030043848,-2.1137441184
2765,Highworth,Highworth,46957,63533,49.1668111933,-2.0396033793
2767,Millbrook E,Millbrook ,39959,67014,49.1981508185,-2.1355625603
2768,Hollydale Estate N,Hollydale Estate ,39603,67689,49.2042200917,-2.1404478966
2769,Les Tours,Les Tours,46546,64465,49.1751960134,-2.045223984
2782,Rue de la Preterie,Rue de la Preterie,36256,70966,49.2336745052,-2.1864081859
2783,Les Carrieres,Les Carrieres,45530,68618,49.2125485669,-2.0591009314
2784,Hope Villa,Hope Villa,46939,63535,49.1668293804,-2.0398501662
2785,The Parade,The Parade,41726,65869,49.1878528768,-2.1113224998
2786,Hotel de France S,Hotel de France ,42764,66171,49.1905645795,-2.0970810037
2787,Trinity Church S,Trinity Church ,43137,70944,49.2334800972,-2.0919265904
2789,Century Buildings,Century Buildings,41468,65718,49.1864957976,-2.1148623293
2792,St Peter Tech Park N,St Peter Tech Park ,36394,68995,49.2159527634,-2.1844956292
2793,Pontac Slipway E,Pontac Slipway ,45786,63817,49.1693769976,-2.0556564096
2794,Jardin des Carreaux,Jardin des Carreaux,41582,67065,49.1986073572,-2.1132932062
2795,Hautmont Estate N,Hautmont Estate ,43101,65823,49.1874338503,-2.0924604237
2796,Hautmont Estate S,Hautmont Estate ,43105,65818,49.1873888714,-2.0924055902
2797,Jeffreys Leap E,Jeffreys Leap ,48320,67610,49.2034534493,-2.0208292107
2798,Jersey Aero Club W,Jersey Aero Club ,36445,67902,49.206125149,-2.1837859365
2823,Broadfields N,Broadfields ,38555,70681,49.2311216182,-2.1548400106
2824,Broadfields S,Broadfields ,38557,70693,49.2312295228,-2.1548125935
2826,Town And Country,Town And Country,41494,69240,49.2181645087,-2.1144925767
2827,Langley Avenue N,Langley Avenue ,43297,66830,49.1964874865,-2.0897634377
2828,Kempt Tower N,Kempt Tower ,33346,69430,49.2198386355,-2.2263393653
2829,George V Homes,George V Homes,40970,66291,49.1916490439,-2.1216923914
2832,New Kingdom Hall,New Kingdom Hall,33154,65012,49.1801112174,-2.2288997053
2834,Avalon Park W,Avalon Park ,44107,63250,49.1642921971,-2.0786863546
2835,Les Ruettes S,Les Ruettes ,41621,71105,49.2349336391,-2.1127417772
2836,Fauvic Common S,Fauvic Common ,47286,64888,49.1789911791,-2.0350675109
2837,La Blinerie,La Blinerie,44435,64120,49.1721127395,-2.0741793628
2838,Pontorson Lane W,Pontorson Lane ,45141,63617,49.1675843861,-2.0645038596
2842,La Longue Rue E,La Longue Rue ,46563,68999,49.2159642081,-2.0449168322
2843,La Chasse W,La Chasse ,35630,70958,49.2335984272,-2.1950035868
2845,La Chesnee Farm S,La Chesnee Farm ,42923,69703,49.2223225051,-2.0948740108
2846,La Collette Shops,La Collette Shops,42217,64712,49.1774478657,-2.1045932713
2847,Quennevais Drive W,Quennevais Drive ,34559,65999,49.1890001082,-2.2096420984
2848,La Piece Mauger N,La Piece Mauger ,44884,69950,49.2245309582,-2.0679510541
2849,Mont Fallu N,Mont Fallu ,37037,68181,49.2086369768,-2.1756638683
2852,West Park Slipway,West Park Slipway,41413,65739,49.1866847529,-2.1156167323
2853,Route du Francfief N,Route du Francfief ,36799,67136,49.1992394571,-2.1789218289
2854,Haute Tombette S,Haute Tombette ,37868,71729,49.2405428611,-2.1642781649
2856,La Grange N,La Grange ,42759,68668,49.2130168801,-2.097132459
2857,La Hacienda,La Hacienda,48461,67386,49.2014373834,-2.0188990645
2858,La Hougue Bie E,La Hougue Bie ,45200,67325,49.200925201,-2.0636468984
2859,aMaizin! Park S,aMaizin! Park ,35820,69762,49.2228457306,-2.1923822811
2862,La Hougue Farm,La Hougue Farm,33667,72661,49.2488940307,-2.2219840054
2863,La Mare Slipway W,La Mare Slipway ,43801,63581,49.1672704381,-2.0828789863
2864,Rue d'Olive N,Rue d'Olive ,37751,72248,49.2452091026,-2.1658878037
2865,Clos de la Mielle E,Clos de la Mielle ,37876,66562,49.1940828897,-2.1641409767
2867,La Motte Street,La Motte Street,42366,65404,49.1836695902,-2.1025456296
2868,La Moye Garage N,La Moye Garage ,33965,65620,49.1855866938,-2.2177851648
2869,La Moye School E,La Moye School ,34162,65901,49.1881152719,-2.2150868962
2872,Brampton Farm E,Brampton Farm ,36038,71109,49.2349589401,-2.1894029151
2873,La Nouvelle Croix W,La Nouvelle Croix ,43021,71294,49.2366277572,-2.0935167234
2874,Chestnut Grove E,Chestnut Grove ,41234,71936,49.2424065978,-2.1180531825
2875,Le Bourg E,Le Bourg ,46693,63649,49.1678571695,-2.0432214994
2876,Hotel La Place N,Hotel La Place ,36922,66753,49.1957962626,-2.1772311794
2878,St Ouen Garage S,St Ouen Garage ,35258,70524,49.2296932848,-2.2001063118
2879,La Porte,La Porte,40457,72559,49.2480094591,-2.1287231994
2892,La Ruette S,La Ruette ,38086,71163,49.2354543096,-2.1612817312
2893,La Preference,La Preference,45532,68716,49.2134297333,-2.059072132
2895,La Pulente S,La Pulente ,33090,65924,49.1883109476,-2.2297931905
2896,La Rocque Harbour N,La Rocque Harbour ,47524,63381,49.1654377638,-2.0318313453
2897,La Rocque Church N,La Rocque Church ,47578,64183,49.1726484751,-2.0310758093
2898,La Rocque Harbour S,La Rocque Harbour ,47519,63373,49.165365891,-2.0319000542
2923,Jardin de Devant,Jardin de Devant,46804,64579,49.176218266,-2.0416836855
2924,Airport Garages N,Airport Garages ,35536,67303,49.200733181,-2.1962536556
2925,Le Rocquier School E,Le Rocquier School ,44882,64000,49.171030339,-2.0680507601
2926,Chemin du Moulin N,Chemin du Moulin ,32898,70897,49.2330243621,-2.2325150009
2927,St Ouen Manor S,St Ouen Manor ,35596,69991,49.2249032531,-2.1954598228
2928,Ruette de Faldouet E,Ruette de Faldouet ,47407,67622,49.203573054,-2.033357565
2929,La Verte Rue,La Verte Rue,45470,64181,49.1726528883,-2.059984778
2932,L'Enclos,L'Enclos,44351,68731,49.2135741261,-2.0752814334
2934,Cloverley Court S,Cloverley Court ,47380,68112,49.2079793041,-2.0337190731
2935,Birches Avenue E,Birches Avenue ,43278,66793,49.196154895,-2.0900244292
2936,Links Estate S,Links Estate ,47009,66116,49.1900362333,-2.038845358
2937,Le Bourg W,Le Bourg ,46706,63633,49.1677131598,-2.0430435021
2938,Le Braye S,Le Braye ,33531,67002,49.1980088135,-2.2237607854
2939,Le Braye N,Le Braye ,33531,67022,49.1981886475,-2.2237611072
2942,Le Catillon W,Le Catillon ,45527,67284,49.2005536823,-2.0591604538
2943,Bagatelle Parade N,Bagatelle Parade ,43809,66713,49.1954324916,-2.0827396414
2945,La Profonde Rue,La Profonde Rue,33626,72003,49.242977117,-2.2225366817
2946,Le Feugerel E,Le Feugerel ,33741,65668,49.1860160528,-2.22085863
2947,Town Mills S,Town Mills ,42588,66593,49.1943598512,-2.0994928112
2948,La Haule Slipway N,La Haule Slipway ,37692,66389,49.1925266585,-2.1666644372
2949,La Haule Slipway S,La Haule Slipway ,37711,66392,49.1925537048,-2.1664037852
2952,Priory Farm,Priory Farm,45103,64082,49.1717658653,-2.0650190427
2953,Le Hocq Slipway W,Le Hocq Slipway ,45349,63573,49.1671869728,-2.0616522392
2954,Le Hocq Slipway E,Le Hocq Slipway ,45302,63589,49.1673312483,-2.062296512
2956,Le Hurel Farm,Le Hurel Farm,32300,72863,49.2506946745,-2.2407636537
2957,Le Hurel N,Le Hurel ,42971,69459,49.2201283067,-2.0942168881
2958,Le Hurel S,Le Hurel ,42975,69473,49.2202541708,-2.0941618761
2959,La Selliere Court,La Selliere Court,43951,63678,49.1681416914,-2.0808211685
2962,Petites Hinguettes,Petites Hinguettes,44057,63667,49.1680420911,-2.0793677351
2963,Chateau des Reves S,Chateau des Reves ,47164,68385,49.2104365935,-2.0366785207
2964,Les Hinguettes,Les Hinguettes,43955,63715,49.1684743605,-2.0807659544
2965,Clos de Buis N,Clos de Buis ,36992,71176,49.2355668068,-2.1763038807
2967,Clos des Champs N,Clos des Champs ,45013,68920,49.2152684982,-2.066192965
2968,Le Rocquier School W,Le Rocquier School ,44887,63992,49.1709583653,-2.0679822898
2973,Les Croix S,Les Croix ,43011,71331,49.2369604973,-2.093653762
2974,Rozel Manor N,Rozel Manor ,46405,70247,49.2271874728,-2.0470656159
2975,Pres d'Auvergne,Pres d'Auvergne,33143,71162,49.2354099375,-2.2291555278
2976,Leoville N,Leoville ,34862,71486,49.2383400561,-2.2055555937
2978,Mountrow Villas,Mountrow Villas,44090,67168,49.1995219088,-2.0788796299
2982,Les Augerez N,Les Augerez ,36595,70859,49.2327143762,-2.181752532
2983,Rue des Brulees S,Rue des Brulees ,43018,70076,49.2256759362,-2.0935670782
2984,Clos de Buis S,Clos de Buis ,37003,71145,49.2352881196,-2.1761526043
2985,Les Charrieres N,Les Charrieres ,36582,69956,49.2245948364,-2.1819233392
2986,La Chasse E,La Chasse ,35633,70964,49.2336523985,-2.1949624597
2987,Les Charrieres S,Les Charrieres ,36584,69932,49.2243790476,-2.1818956784
2989,Augres N,Augres ,42839,69044,49.216397387,-2.096031794
3232,Augres S,Augres ,42843,69056,49.2165052686,-2.095976805
3234,Les Landes Avenue E,Les Landes Avenue ,36250,65783,49.187070559,-2.1864421942
3235,Les Landes Common,Les Landes Common,32058,72161,49.2443794698,-2.2440737426
3236,Clos des Sables W,Clos des Sables ,34792,66059,49.1895416327,-2.2064464786
3237,Betchet es Cats E,Betchet es Cats ,41702,72409,49.2466585199,-2.1116240193
3238,Les Routeurs N,Les Routeurs ,44448,67564,49.2030801304,-2.0739630032
3239,Rose Farm W,Rose Farm ,36542,65487,49.184410723,-2.1824340193
3242,Les Tuiles,Les Tuiles,40041,72214,49.2449075147,-2.1344369087
3243,Bon Air Lane S,Bon Air Lane ,43474,66179,49.1906329046,-2.0873405299
3245,L'Etacq,L'Etacq,31740,71780,49.2409494561,-2.2484332313
3246,Mont Huelin S,Mont Huelin ,32776,71333,49.2369432901,-2.2341979865
3247,Sandybrook S,Sandybrook ,38548,67496,49.2024831034,-2.1549246066
3248,L'Horizon Hotel E,L'Horizon Hotel ,35744,65553,49.1849991624,-2.1933810242
3252,Bus Station Exit,Bus Station Exit,41863,65349,49.1831767777,-2.1094455235
3253,Jardin du Hogard,Jardin du Hogard,45272,68137,49.208235,-2.062654
3254,Hotel de France N,Hotel de France ,42761,66160,49.1904656841,-2.0971222358
3256,La Maison Slipway S,La Maison Slipway ,47645,69261,49.2183074873,-2.0300604313
3257,La Maison Slipway N,La Maison Slipway ,47647,69271,49.218397379,-2.0300327878
3258,El Tico N,El Tico ,33652,67827,49.2054282241,-2.2221135821
3259,Rue de la Croiserie,Rue de la Croiserie,42771,68448,49.2110386552,-2.0969692754
3262,Links Estate N,Links Estate ,47016,66141,49.190260946,-2.0387488909
3263,Living Legend,Living Legend,37771,69458,49.2201224621,-2.1655976255
3264,Route du Francfief S,Route du Francfief ,36804,67131,49.1991945247,-2.1788531827
3265,Longueville Court E,Longueville Court ,44399,65290,49.1826333301,-2.0746602718
3267,Bagatelle Parade S,Bagatelle Parade ,43819,66777,49.1960078988,-2.0826018313
3268,Longbeach S,Longbeach ,47560,66794,49.1961260668,-2.0312735998
3272,The Cloisters,The Cloisters,42813,65240,49.1821930606,-2.0964152882
3274,Rue du Hucquet E,Rue du Hucquet ,45597,69518,49.2206404638,-2.0581688174
3275,Mont Huelin N,Mont Huelin ,32762,71335,49.2369611081,-2.2343902664
3276,Mont Cantel,Mont Cantel,42249,66533,49.1938216846,-2.1041442036
3278,Maison des Landes,Maison des Landes,32253,72166,49.2444269253,-2.2413957555
3279,Travers Farm Lane S,Travers Farm Lane ,37062,64976,49.1798186574,-2.1752973552
3282,Jersey Post S,Jersey Post ,43921,65084,49.180784273,-2.0812188546
3284,Manor Close,Manor Close,43898,64314,49.1738607815,-2.0815417836
3285,Rue du Manoir,Rue du Manoir,35399,70238,49.227122746,-2.1981671447
3286,Chestnut Grove W,Chestnut Grove ,41213,71938,49.2424246231,-2.1183415744
3289,Marina Cottages,Marina Cottages,46521,67527,49.2027289026,-2.04551721
3292,Fauvic Common N,Fauvic Common ,47306,64801,49.1782086613,-2.0347947769
3293,Walnut Farm N,Walnut Farm ,44958,69251,49.2182451893,-2.0669437929
3294,Maufant Lodge,Maufant Lodge,45056,68297,49.2096663285,-2.0656106004
3295,Maufant Village S,Maufant Village ,45240,68264,49.2093680584,-2.0630857857
3296,Maufant Vineries,Maufant Vineries,45056,68400,49.2105924719,-2.0656093042
3297,Brooklyn Street N,Brooklyn Street ,42603,65502,49.1845498203,-2.0992940724
3298,La Croix Messervy W,La Croix Messervy ,46963,68628,49.2126238859,-2.0394329059
3423,The Mermaid S,The Mermaid ,36010,67740,49.204665819,-2.1897539126
3424,James Road,James Road,42888,64991,49.1799537706,-2.0953883327
3425,La Rocque Church S,La Rocque Church ,47583,64226,49.173035058,-2.0310064298
3426,Midbay E,Midbay ,35577,65584,49.1852767251,-2.1956721605
3427,Midbay W,Midbay ,35564,65582,49.1852586478,-2.1958504648
3428,Belval N,Belval ,47920,69669,49.2219725929,-2.0262775865
3429,Parcq du Rivage W,Parcq du Rivage ,38759,66883,49.1969716507,-2.1520273343
3432,La Croix S,La Croix ,34953,71253,49.2362457601,-2.2043030411
3434,Midland Stores S,Midland Stores ,44990,68106,49.2079494571,-2.0665187669
3435,Miladi Farm Parade W,Miladi Farm Parade ,43854,65333,49.1830236382,-2.0821354535
3436,Coronation Park E,Coronation Park ,39644,67062,49.1985823185,-2.1398847122
3437,Coronation Park W,Coronation Park ,39668,67059,49.1985553569,-2.1395554033
3438,St Peters Arsenal S,St Peters Arsenal ,36703,67405,49.2016577167,-2.1802412779
3439,Millais,Millais,33317,72138,49.2441876932,-2.226782546
3452,Princess Place S,Princess Place ,43357,64342,49.1741157465,-2.0889609663
3453,Hotel La Place S,Hotel La Place ,36926,66770,49.1959491417,-2.177176428
3454,Mont a l'Abbe Sch S,Mont a l'Abbe Sch ,41557,67545,49.2029234392,-2.1136343747
3456,Mont de Gouray W,Mont de Gouray ,47911,67137,49.1992057923,-2.0264509911
3457,Hollydale Estate S,Hollydale Estate ,39627,67671,49.2040582561,-2.140118536
3458,St Brelade College E,St Brelade College ,37050,65895,49.1880819987,-2.175468684
3459,Mont Mado E,Mont Mado ,40724,72273,49.2454375947,-2.125056526
3462,Mont Mado W,Mont Mado ,40723,72267,49.245383646,-2.1250702709
3463,Earls Court Flats,Earls Court Flats,42819,65271,49.1824717767,-2.0963327717
3464,Mont Nicolle W,Mont Nicolle ,36041,65908,49.1881932116,-2.189310468
3465,Mont Nicolle E,Mont Nicolle ,36072,65899,49.1881124853,-2.1888851152
3467,Castle Green N,Castle Green ,48321,67289,49.2005671049,-2.0208221334
3468,Glencoe N,Glencoe ,39380,70724,49.2315096495,-2.1435127355
3469,Moulin de Quetivel N,Moulin de Quetivel ,38101,68198,49.2087940532,-2.1610617381
3472,King Street,King Street,42030,65464,49.1842102972,-2.107154231
3473,Grasset Park W,Grasset Park ,43329,64692,49.1772630083,-2.0893420732
3474,La Cambrette,La Cambrette,43895,63863,49.169805523,-2.0815872893
3475,La Neuve Route,La Neuve Route,36134,69365,49.2192780987,-2.1880679258
3476,Longueville Manor E,Longueville Manor ,44144,65369,49.1833454511,-2.0781572128
3478,Pillar Gardens,Pillar Gardens,43155,67402,49.2016314883,-2.0917072623
3479,Raleigh Avenue,Raleigh Avenue,42019,66426,49.1928603709,-2.1073002909
3482,Beach Road E,Beach Road ,42815,64669,49.1770587702,-2.096391849
3483,Chemin de Herupe N,Chemin de Herupe ,41429,70706,49.2313464472,-2.1153795822
3484,Greenhills S,Greenhills ,37208,69221,49.2179891297,-2.1733243131
3485,La Moye Garage S,La Moye Garage ,33961,65602,49.1854248035,-2.2178397646
3486,Rue de St Clement S,Rue de St Clement ,36661,68539,49.2118540689,-2.1808270222
3487,Rue du Ponterrin,Rue du Ponterrin,43863,68607,49.2124624262,-2.081980545
3489,Oaklands Manor,Oaklands Manor,43829,68609,49.2124806228,-2.0824471738
3492,Belle Vue N,Belle Vue ,35421,66948,49.1975402791,-2.1978276064
3493,Princess Place N,Princess Place ,43357,64354,49.1742236474,-2.0889608663
3494,Rue de la Garenne,Rue de la Garenne,42764,68499,49.2114972628,-2.0970649963
3495,Causie Lane E,Causie Lane ,46249,64254,49.1733018516,-2.0493005017
3496,Havre des Pas E,Havre des Pas ,42655,64710,49.1774281443,-2.0985860023
3497,Ouaisne Junction N,Ouaisne Junction ,37214,64678,49.1771398281,-2.173210474
3498,Overdale Hospital,Overdale Hospital,41351,66266,49.1914235304,-2.1164654665
3523,Oxenford Close N,Oxenford Close ,39483,69731,49.2225810231,-2.1420972441
3524,Gloucester Street N,Gloucester Street ,41808,65858,49.1877537317,-2.1101976623
3525,Parcq du Rivage E,Parcq du Rivage ,38691,66877,49.1969175591,-2.1529603193
3526,La Croix N,La Croix ,34989,71145,49.2352749581,-2.2038073574
3527,Bradford Avenue W,Bradford Avenue ,35508,66073,49.1896731753,-2.1966241224
3528,Rue des Niemes,Rue des Niemes,36110,69397,49.2195656804,-2.1883976796
3529,St Saviours School S,St Saviours School ,43806,66647,49.1948390573,-2.0827814268
3532,Paul Mill N,Paul Mill ,43699,67947,49.2065289236,-2.0842375109
3534,Lewis Lane,Lewis Lane,41540,66006,49.1890852378,-2.1138735482
3535,Petit Bois,Petit Bois,34184,72237,49.2450867104,-2.2148768473
3536,Petit Port Close,Petit Port Close,33259,65454,49.1840867207,-2.2274669321
3537,Clos des Sables E,Clos des Sables ,34788,66063,49.1895775656,-2.2065014048
3538,Oxenford Close S,Oxenford Close ,39480,69742,49.2226799289,-2.1421384415
3539,The Powerhouse S,The Powerhouse ,41590,67210,49.199911134,-2.1131828638
3542,Les Perrons,Les Perrons,33143,72235,49.2450579575,-2.229173871
3543,Leoville S,Leoville ,34867,71516,49.2386098471,-2.205487317
3545,Plat Douet School,Plat Douet School,43437,64926,49.1793664797,-2.087858833
3546,Plat Douet Stores,Plat Douet Stores,43454,64755,49.1778287973,-2.0876271322
3547,Trinity School N,Trinity School ,43022,70423,49.2287960229,-2.0935095513
3548,Plemont Bay,Plemont Bay,33307,73422,49.2557328193,-2.22694132
3549,Gloster Terrace N,Gloster Terrace ,41886,66330,49.1919975893,-2.1091254369
3562,Pomona Road S,Pomona Road ,41840,66138,49.1902713189,-2.1097574022
3563,Pontac Common W,Pontac Common ,46338,63852,49.1696862598,-2.048086275
3564,Pontac Slipway W,Pontac Slipway ,45776,63810,49.1693141495,-2.0557936401
3565,Pontac Common E,Pontac Common ,46386,63826,49.1694519772,-2.0474284586
3567,Pontorson Lane E,Pontorson Lane ,45123,63622,49.1676294953,-2.0647506214
3568,Poplar Avenue N,Poplar Avenue ,45382,68405,49.2106346559,-2.0611350783
3569,Poplar Avenue S,Poplar Avenue ,45386,68404,49.2106256291,-2.061080194
3572,Ouaisne Junction S,Ouaisne Junction ,37222,64648,49.1768701122,-2.1731005456
3573,Travers Farm Lane N,Travers Farm Lane ,37045,64989,49.1799354683,-2.1755306211
3574,Portelet Bay,Portelet Bay,37232,64180,49.1726620214,-2.1729601767
3575,Portinfer Junction,Portinfer Junction,33370,72937,49.2513725735,-2.2260678715
3576,Grands Vaux Court S,Grands Vaux Court ,42873,66958,49.1976405571,-2.095580023
3578,Rue Baal,Rue Baal,33761,65143,49.1812956026,-2.2205761372
3579,La Pulente N,La Pulente ,33102,65950,49.1885448671,-2.2296290174
3582,Quennevais Drive E,Quennevais Drive ,34559,66004,49.1890450668,-2.209642166
3583,Queens Lane,Queens Lane,41868,66583,49.1942725485,-2.1093712088
3584,Leamington Court,Leamington Court,41853,66623,49.1946322625,-2.1095768231
3585,Queens Valley E,Queens Valley ,46825,67538,49.2028245041,-2.0413454651
3586,Les Quennevais Sch,Les Quennevais Sch,34802,66324,49.1919245215,-2.2063127174
3587,Le Feugerel W,Le Feugerel ,33723,65660,49.1859439353,-2.2211054221
3589,Ransoms N,Ransoms ,47477,67828,49.2054244918,-2.0323931603
3592,Ryburn Avenue S,Ryburn Avenue ,43436,64564,49.1761114762,-2.0878756391
3593,Ryburn Road W,Ryburn Road ,43363,64509,49.1756173346,-2.0888772852
3594,Ryburn Avenue N,Ryburn Avenue ,43425,64546,49.1759496863,-2.088026656
3595,Rectory Close,Rectory Close,45111,64089,49.171828741,-2.0649092444
3596,Red Houses Shops N,Red Houses Shops ,35267,66293,49.1916495412,-2.1999329009
3597,Red Houses Waitrose W,Red Houses Waitrose ,35194,66157,49.1904261007,-2.2009327756
3598,Red Houses Shops S,Red Houses Shops ,35272,66254,49.1912989029,-2.1998638465
3623,Kingsley Avenue,Kingsley Avenue,43389,64181,49.1726678998,-2.0885234629
3624,Trinity Gardens N,Trinity Gardens ,42483,66502,49.1935420391,-2.1009339659
3625,Roche du Lion,Roche du Lion,48473,67400,49.2015631014,-2.0187341071
3627,Rose Farm E,Rose Farm ,36631,65477,49.1843213007,-2.1812131067
3628,Le Vier Mont E,Le Vier Mont ,44664,65216,49.1819659859,-2.0710262084
3629,Cleveland Road,Cleveland Road,42629,64908,49.1792086203,-2.0989413055
3632,Route des Pelles N,Route des Pelles ,46622,70472,49.229208288,-2.0440827099
3634,Rozel Bay,Rozel Bay,46413,71092,49.2347853308,-2.0469422806
3635,Route des Pelles S,Route des Pelles ,46625,70478,49.2292622054,-2.0440414222
3636,Rue de Belin N,Rue de Belin ,46302,69488,49.2203638717,-2.0484916176
3637,Rue au Blancq E,Rue au Blancq ,44632,64095,49.1718864914,-2.0714780365
3638,Rue de Bechet S,Rue de Bechet ,41546,69997,49.2249710752,-2.1137758829
3639,La Pellerie E,La Pellerie ,42992,72211,49.2448732333,-2.0939081003
3642,Rue de la Chesnaie S,Rue de la Chesnaie ,41473,70336,49.2280194291,-2.1147768126
3643,Glencoe S,Glencoe ,39384,70727,49.2315366285,-2.1434578193
3646,La Mare Slipway E,La Mare Slipway ,43807,63586,49.1673153597,-2.0827966644
3647,I. J. Bathe Field N,I. J. Bathe Field ,45137,67682,49.204135767,-2.0645068054
3648,Rue des Boulees,Rue des Boulees,44273,69312,49.2187988384,-2.0763458212
3649,La Fantaisie,La Fantaisie,45538,69072,49.2166307153,-2.0589848724
3652,Rue des Fonds W,Rue des Fonds ,46523,65653,49.1858784281,-2.0455201641
3653,Route des Landes,Route des Landes,32489,72398,49.2465159207,-2.2381589297
3654,Clos de Longueville,Clos de Longueville,44021,65286,49.1825999557,-2.0798452187
3656,Rue des Pres Estate,Rue des Pres Estate,44114,65206,49.1818800011,-2.0785703858
3657,Longueville Manor W,Longueville Manor ,44170,65350,49.1831744322,-2.0778007708
3658,St Martins Hall W,St Martins Hall ,45945,69336,49.2190007045,-2.0533944485
3659,Rue d'Olive S,Rue d'Olive ,37751,72257,49.2452900274,-2.1658878542
3672,Rue du Cerf E,Rue du Cerf ,38531,71864,49.2417586813,-2.1551738649
3673,Rue du Douet,Rue du Douet,35417,70229,49.2270419559,-2.19791992
3674,Rue du Hucquet W,Rue du Hucquet ,45661,69495,49.2204330679,-2.0572906012
3675,Rue du Pont,Rue du Pont,44370,69032,49.216280486,-2.075017379
3676,Rue des Buttes S,Rue des Buttes ,45871,68930,49.2153507996,-2.0544161622
3678,Jersey Rugby Club N,Jersey Rugby Club ,36621,67810,49.205298908,-2.1813698825
3682,Rue de Samares,Rue de Samares,44444,64117,49.1720856992,-2.074055972
3683,Samares Manor E,Samares Manor ,44067,64270,49.1734640487,-2.0792245179
3684,Sandybrook N,Sandybrook ,38543,67487,49.2024021662,-2.1549931849
3685,Saramar,Saramar,47275,63343,49.1650990772,-2.0352462998
3686,Samares School,Samares School,43793,63968,49.1707502951,-2.0829850407
3687,La Fosse N,La Fosse ,46680,70814,49.2322828016,-2.0432807026
3689,Mont de Gouray E,Mont de Gouray ,47932,67139,49.1992235045,-2.0261628054
3692,Millbrook W,Millbrook ,39995,66973,49.1977821597,-2.1350686044
3693,Les Ruettes N,Les Ruettes ,41605,71085,49.2347538482,-2.1129615559
3694,Perquage Car Park,Perquage Car Park,38529,66836,49.196548532,-2.155182913
3695,Seymour Inn N,Seymour Inn ,47654,63847,49.1696263092,-2.0300399393
3696,Seymour Inn S,Seymour Inn ,47670,63830,49.16947325,-2.0298208539
3697,Shakespeare Hotel E,Shakespeare Hotel ,44793,63533,49.1668318935,-2.0692768179
3698,Seven Oaks S,Seven Oaks ,36745,65945,49.1885300429,-2.1796531377
3723,Seven Oaks N,Seven Oaks ,36708,65983,49.188871531,-2.1801610264
3724,Havre des Pas W,Havre des Pas ,42690,64707,49.1774010167,-2.0981059886
3725,Sion Village N,Sion Village ,41493,69432,49.2198909129,-2.1145055894
3726,Sion Village S,Sion Village ,41504,69451,49.2200617278,-2.1143545212
3727,Six Roads W,Six Roads ,38920,70270,49.227426798,-2.1498274143
3728,Six Roads E,Six Roads ,38930,70274,49.2274627822,-2.149690134
3729,Snow Hill,Snow Hill,42293,65392,49.1835619665,-2.1035470373
3732,Coastlands Avenue E,Coastlands Avenue ,43115,64618,49.1765987427,-2.0922776994
3734,Moulin de Quetivel S,Moulin de Quetivel ,38111,68196,49.2087761007,-2.1609244894
3735,Southfork Farm,Southfork Farm,45046,67968,49.206708146,-2.0657519735
3736,Ruette de Faldouet W,Ruette de Faldouet ,47422,67632,49.2036627896,-2.0331515435
3737,Springfield Stadium,Springfield Stadium,42587,66244,49.1912217467,-2.0995087761
3738,La Croix Messervy E,La Croix Messervy ,47015,68598,49.212353543,-2.0387197314
3739,St Andrews Park E,St Andrews Park ,40264,66748,49.1957589679,-2.1313778353
3742,St Aubin N,St Aubin ,37440,65878,49.1879308901,-2.1701184797
3743,St Aubin S,St Aubin ,37444,65859,49.1877600641,-2.1700634864
3745,St Bernards E,St Bernards ,45965,67468,49.2022040515,-2.0531476479
3746,St Brelade Church E,St Brelade Church ,35024,65558,49.185043,-2.203266
3747,St Brelade College W,St Brelade College ,37033,65893,49.1880639333,-2.1757018786
3748,St Brelade Church W,St Brelade Church ,34960,65556,49.1850202005,-2.2041354534
3749,La Grange S,La Grange ,42759,68650,49.2128550298,-2.0971325827
3752,St Catherine,St Catherine,48371,69929,49.2243044294,-2.0200810407
3753,St Catherines Wood S,St Catherines Wood ,47563,69144,49.2172564797,-2.0311882107
3754,St Catherines Wood N,St Catherines Wood ,47559,69144,49.2172565291,-2.0312431157
3756,Clos de Corvez,Clos de Corvez,45841,64301,49.17372848,-2.0548951723
3757,St Clement Gardens W,St Clement Gardens ,43591,64435,49.1749506546,-2.0857509828
3758,St Clement Gardens E,St Clement Gardens ,43623,64428,49.1748875244,-2.0853121797
3759,Old Trinity Hill S,Old Trinity Hill ,42583,66879,49.1969315016,-2.0995595736
3762,Westmount Park,Westmount Park,41494,66072,49.1896788052,-2.1145043528
3763,Chapel Lane,Chapel Lane,42537,65356,49.1832373042,-2.1002003295
3764,St Johns Church,St Johns Church,39704,72378,49.2463820727,-2.1390653652
3765,Samares Manor W,Samares Manor ,44072,64264,49.1734100651,-2.0791560078
3767,Rue de la Lourderie,Rue de la Lourderie,47081,63489,49.1664141394,-2.0379038275
3768,St Lawrence Church N,St Lawrence Church ,39537,68749,49.2137512389,-2.1413548137
3769,St Marks Church,St Marks Church,42300,66117,49.1900809411,-2.1034468737
3782,St Martins Arsenal N,St Martins Arsenal ,44785,70333,49.2279755444,-2.0693055879
3783,The Royal W,The Royal ,46120,69211,49.2178750241,-2.0509941741
3785,La Longue Rue W,La Longue Rue ,46599,68968,49.2156850799,-2.0444232093
3786,Rue de Belin S,Rue de Belin ,46309,69485,49.2203368247,-2.0483955749
3787,St Martins Hall E,St Martins Hall ,45941,69345,49.2190816683,-2.0534492223
3792,St Marys Church W,St Marys Church ,37244,71117,49.2350374848,-2.1728431777
3793,St Marys Garage W,St Marys Garage ,37597,71146,49.2352997288,-2.1679962399
3794,St Marys Church E,St Marys Church ,37241,71122,49.2350824296,-2.1728844057
3795,St Marys Garage E,St Marys Garage ,37597,71152,49.2353536787,-2.1679962758
3796,Bethlehem Chapel E,Bethlehem Chapel ,37436,71122,49.2350832766,-2.1702068204
3797,St Matthews Church E,St Matthews Church ,39440,67053,49.1985012409,-2.1426838044
3798,St Nicholas Avenue,St Nicholas Avenue,43424,64145,49.1723440027,-2.0880437814
3823,St Ouens Village N,St Ouens Village ,35075,70877,49.2328658942,-2.2026231802
3824,St Ouen Garage N,St Ouen Garage ,35234,70555,49.2299718399,-2.2004361929
3825,St Ouen Manor N,St Ouen Manor ,35581,70004,49.2250200368,-2.1956658916
3826,St Ouens Village S,St Ouens Village ,35083,70881,49.232901925,-2.2025133845
3827,St Peters Arsenal N,St Peters Arsenal ,36698,67421,49.201801557,-2.1803100191
3828,Mont Fallu S,Mont Fallu ,37050,68181,49.2086370395,-2.1754854578
3829,St Peters Inn N,St Peters Inn ,36533,68674,49.2130672358,-2.1825849578
3832,St Peters House N,St Peters House ,36501,69530,49.2207639291,-2.1830316188
3834,St Peters House S,St Peters House ,36497,69507,49.2205570978,-2.1830863271
3835,St Peters Inn S,St Peters Inn ,36548,68677,49.2130942955,-2.182379107
3836,St Saviours School N,St Saviours School ,43698,66517,49.1936707952,-2.0842643888
3837,St Saviours Church N,St Saviours Church ,43218,66644,49.1948154478,-2.0908488472
3838,Clinique Pinel,Clinique Pinel,46511,67530,49.2027559839,-2.0456543838
3839,Queens Valley W,Queens Valley ,46720,67511,49.2025828878,-2.0427867535
3842,St Saviours Church S,St Saviours Church ,43220,66654,49.1949053544,-2.090821327
3843,Sea Crest Apts,Sea Crest Apts,32780,65437,49.183928414,-2.2340371053
3845,Rue de Mon Sejour S,Rue de Mon Sejour ,42682,67832,49.2055001691,-2.0981948716
3846,York Farm W,York Farm ,38192,66729,49.1955855183,-2.1598062532
3847,Pomona Road N,Pomona Road ,41816,66115,49.1900645808,-2.1100867572
3848,Carrefour a Cendre N,Carrefour a Cendre ,36537,70226,49.2270223327,-2.1825434418
3849,La Ruette N,La Ruette ,38094,71150,49.2353374431,-2.161171819
3852,Route du Petit Port,Route du Petit Port,33537,65425,49.183837,-2.223656
3853,Watersplash S,Watersplash ,33567,68318,49.2098422551,-2.2232878958
3854,Surville Cemetery N,Surville Cemetery ,41568,68909,49.215188078,-2.1134781064
3856,Sutton Court N,Sutton Court ,42936,67305,49.2007603805,-2.094713076
3857,Langley Park E,Langley Park ,43211,67104,49.1989516703,-2.0909412139
3858,Tabor Park E,Tabor Park ,35748,65998,49.1890005063,-2.1933308583
3859,Tesson Chapel E,Tesson Chapel ,38552,67761,49.2048659133,-2.1548706726
3862,Tesson Chapel W,Tesson Chapel ,38547,67740,49.2046770758,-2.1549392109
3864,Tabor Park W,Tabor Park ,35726,65993,49.1889553948,-2.1936326109
3865,Longueville Court W,Longueville Court ,44382,65284,49.1825795013,-2.0748935208
3867,Langley Park W,Langley Park ,43216,67086,49.1987897934,-2.0908727519
3868,Rue de St Clement N,Rue de St Clement ,36684,68480,49.2113236843,-2.1805108655
3869,Le Vier Mont W,Le Vier Mont ,44704,65155,49.1814171852,-2.0704782616
3872,The Limes,The Limes,42268,64982,49.1798754487,-2.1038922717
3873,Croix au Lion N,Croix au Lion ,36275,69173,49.2175525704,-2.1861306626
3874,Avenue de la Reine,Avenue de la Reine,37080,67979,49.206825,-2.175086
3875,The Royal E,The Royal ,46165,69204,49.2178116315,-2.0503765924
3876,Paul Mill S,Paul Mill ,43702,67938,49.2064479803,-2.0841964239
3878,The Windmill E,The Windmill ,36485,70935,49.2333971205,-2.183263558
3879,Jubilee Homes,Jubilee Homes,36462,68905,49.2151439085,-2.1835614749
3892,Maufant Village N,Maufant Village ,45257,68280,49.2095117798,-2.062852267
3893,Three Oaks S,Three Oaks ,39616,69261,49.218355034,-2.1402710045
3894,Three Oaks N,Three Oaks ,39600,69362,49.2192631831,-2.1404907303
3895,Craig Street,Craig Street,42125,65730,49.1866017752,-2.1058496991
3896,Langley Avenue S,Langley Avenue ,43301,66832,49.1965054484,-2.0897085392
3897,Rozel Manor S,Rozel Manor ,46410,70262,49.2273222953,-2.0469967313
3898,Rue au Blancq W,Rue au Blancq ,44667,64078,49.1717333668,-2.0709982535
3923,Le Catillon E,Le Catillon ,45541,67288,49.2005895228,-2.0589682957
3924,Grenville Court S,Grenville Court ,47728,63678,49.1681057785,-2.029028415
3925,Town Mills N,Town Mills ,42622,66597,49.1943956737,-2.0990263075
3926,Dessous Les Hougues,Dessous Les Hougues,33159,71165,49.2354370913,-2.2289358785
3927,Trinity Arms,Trinity Arms,43309,70881,49.2329127184,-2.0895654192
3928,Trinity Church N,Trinity Church ,43148,70946,49.2334980241,-2.0917755364
3929,Trinity Youth Club N,Trinity Youth Club ,43160,71078,49.2346848601,-2.0916097276
3932,Trinity Gardens S,Trinity Gardens ,42466,66456,49.1931284888,-2.1011674829
3935,Trinity School S,Trinity School ,43030,70464,49.2291646414,-2.0933994061
3936,Troy Court S,Troy Court ,42790,66804,49.196256217,-2.0967199212
3937,Troy Court N,Troy Court ,42788,66812,49.1963281598,-2.0967473066
3938,Oak Tree Gardens N,Oak Tree Gardens ,42614,67165,49.1995029986,-2.0991323742
3939,Les Monts W,Les Monts ,47140,67440,49.2019397328,-2.0370246954
3942,The Cedars,The Cedars,42267,64999,49.1800283119,-2.1039058919
3943,Hougue des Platons E,Hougue des Platons ,42416,72314,49.2458019145,-2.1018182182
3945,The Union Inn,The Union Inn,41590,68517,49.2116632811,-2.1131776927
3946,Fort William N,Fort William ,47431,66679,49.1950935974,-2.0330456567
3947,Byron Road S,Byron Road ,42374,66296,49.191690177,-2.1024306298
3948,Bel Royal School E,Bel Royal School ,38990,67175,49.1995976534,-2.1488585964
3949,Rue de Bel Air W,Rue de Bel Air ,37847,71237,49.2361188984,-2.1645639114
3952,Verona Stores N,Verona Stores ,47075,65330,49.1829679885,-2.0379537455
3953,Les Varines W,Les Varines ,43733,65273,49.1824848822,-2.0837957422
3954,Coastlands Avenue W,Coastlands Avenue ,43117,64612,49.1765447821,-2.0922503159
3956,College Hill,College Hill,42902,65458,49.1841528435,-2.0951929416
3957,Langford,Langford,42906,65662,49.1859871369,-2.0951365997
3958,Victoria Hotel S,Victoria Hotel ,38082,68462,49.2111678001,-2.1613237529
3959,Victoria Hotel N,Victoria Hotel ,38086,68418,49.2107721783,-2.161268645
3962,Victoria Village,Victoria Village,43897,69054,49.2164814918,-2.0815095605
3963,Howard Davis Mews,Howard Davis Mews,42758,65090,49.1808445502,-2.0971707275
3964,Les Augerez S,Les Augerez ,36600,70855,49.2326784373,-2.1816838454
3965,Les Fourneaux Est,Les Fourneaux Est,33351,64999,49.1799964903,-2.2261974431
3967,Ville des Marettes,Ville des Marettes,35375,70974,49.2337404219,-2.1985051225
3968,Ville Emphrie S,Ville Emphrie ,39428,68098,49.2078975573,-2.1428499445
3969,Vinchelez,Vinchelez,33931,72429,49.2468106476,-2.2183544473
3972,Walnut Farm S,Walnut Farm ,44962,69261,49.2183350737,-2.0668887632
3973,Jersey War Tunnels,Jersey War Tunnels,38661,68236,49.2091372159,-2.1533764659
3974,Watersplash N,Watersplash ,33559,68329,49.2099410796,-2.2233978658
3975,West Hill,West Hill,41413,67275,49.200496028,-2.1156113353
3976,West Park Shelter,West Park Shelter,41200,66005,49.1890770051,-2.1185378325
3978,West View Hotel W,West View Hotel ,37583,71362,49.2372418697,-2.1681897789
3979,La Blanche Maison S,La Blanche Maison ,32364,71614,49.239464942,-2.2398607967
3982,West View Hotel S,West View Hotel ,37616,71403,49.2376106564,-2.167736873
3983,Sutton Court S,Sutton Court ,42894,67222,49.2000142687,-2.095289985
3984,Mont Cambrai S,Mont Cambrai ,39436,67900,49.2061172091,-2.1427398772
3985,Clos du Verger,Clos du Verger,36766,65395,49.1835847051,-2.1793606318
3986,St Martins Arsenal S,St Martins Arsenal ,44793,70307,49.2277416989,-2.0691960645
3987,York Farm E,York Farm ,38135,66712,49.1954324886,-2.1605882298
3989,St Ouens Church,St Ouens Church,34798,70044,49.2253735578,-2.2064157553
4232,Five Mile Avenue N,Five Mile Avenue ,33045,70158,49.2263812211,-2.2304837934
4234,Jubilee Hill,Jubilee Hill,34333,68322,49.2098857788,-2.212775212
4235,St Ouens Pond S,St Ouens Pond ,33453,68905,49.2151191621,-2.2248620212
4236,Le Couvent,Le Couvent,40712,69673,49.2220593107,-2.1252259486
4237,La Croix Crescent,La Croix Crescent,46795,65884,49.1879525631,-2.0417850831
4238,La Moye School W,La Moye School ,34156,65895,49.1880612645,-2.2151691182
4242,Fayreways Flats,Fayreways Flats,43845,66994,49.1979589368,-2.0822430261
4243,Le Saie S,Le Saie ,47016,70996,49.2339155253,-2.0386641013
4245,Les Fontaines,Les Fontaines,39116,73453,49.2559665412,-2.147500671
4246,Atlantic Hotel W,Atlantic Hotel ,33367,65793,49.1871360894,-2.225991077
4247,Ruelle de Rauvlet,Ruelle de Rauvlet,41571,67926,49.2063492405,-2.1134407731
4248,La Hougue Avenue N,La Hougue Avenue ,41614,68298,49.2096940386,-2.1128491792
4249,La Hougue Avenue S,La Hougue Avenue ,41620,68305,49.2097569646,-2.1127668059
4252,Rue Cyril Mauger,Rue Cyril Mauger,40482,67544,49.2029162342,-2.1283858511
4253,Rue des Brulees N,Rue des Brulees ,43012,70067,49.2255950408,-2.0936495173
4254,Jeffreys Leap W,Jeffreys Leap ,48332,67606,49.2034173197,-2.0206646246
4256,Landscape Grove,Landscape Grove,40410,67340,49.2010819792,-2.1293740648
4257,Rue du Boulay S,Rue du Boulay ,43594,71110,49.2349702008,-2.0856501463
4258,Le Rondin,Le Rondin,36667,71570,49.239107833,-2.1807698392
4259,Clos St Andre,Clos St Andre,40757,66821,49.1964149527,-2.1246135799
4262,La Ruche N,La Ruche ,37497,68649,49.2128471365,-2.1693537986
4263,La Ruche S,La Ruche ,37522,68640,49.2127663129,-2.1690106169
4264,Woodbine Farm,Woodbine Farm,34108,71568,49.2390705827,-2.2159108007
4265,Les Croix N,Les Croix ,43015,71371,49.2373201435,-2.0935985345
4267,Rue de Cambrai N,Rue de Cambrai ,42997,71576,49.2391635188,-2.0938441758
4268,La Pellerie W,La Pellerie ,42996,72206,49.2448282556,-2.093853202
4269,Rue d'Egypte W,Rue d'Egypte ,42617,72257,49.2452885655,-2.0990580204
4272,Hougue des Platons W,Hougue des Platons ,42435,72302,49.2456939396,-2.1015573417
4273,La Lande W,La Lande ,42089,72370,49.2463066485,-2.1063090031
4274,Betchet es Cats W,Betchet es Cats ,41714,72411,49.2466764697,-2.1114591978
4275,Rue du Boulay N,Rue du Boulay ,43590,71107,49.2349432494,-2.0857050978
4276,Route de Plemont,Route de Plemont,33427,72969,49.2516609196,-2.2252854608
4278,Caledonia Place,Caledonia Place,41936,65213,49.1819536762,-2.1084448485
4279,La Providence E,La Providence ,38765,67308,49.2007931385,-2.1519463159
4282,La Providence W,La Providence ,38706,67334,49.2010268012,-2.1527559806
4283,Falaise de Fremont,Falaise de Fremont,40935,72964,49.2516505252,-2.1221570237
4284,Jersey Lavender,Jersey Lavender,35645,66300,49.1917152823,-2.194747128
4285,Lime Grove E,Lime Grove ,42359,64988,49.1799290562,-2.1026440872
4286,Lime Grove W,Lime Grove ,42356,64970,49.1797672164,-2.1026853404
4287,Pont Marquet Close W,Pont Marquet Close ,35481,66330,49.1919838479,-2.1969974129
4289,Pont Marquet Close E,Pont Marquet Close ,35493,66337,49.1920468781,-2.1968328602
4292,Biarritz Hotel E,Biarritz Hotel ,36129,65514,49.1846510339,-2.1880994733
4293,St Marys Arsenal,St Marys Arsenal,36859,71048,49.2344152083,-2.1781291467
4294,The Old Forge E,The Old Forge ,42248,71690,49.2401917724,-2.1041290581
4295,Ebenezer Chapel E,Ebenezer Chapel ,42555,71476,49.2382663573,-2.0999145059
4296,La Mare des Pres S,La Mare des Pres ,41700,72365,49.2462628936,-2.1116516747
4297,L'Etacquerel Fort E,L'Etacquerel Fort ,45166,71295,49.2366224173,-2.0640623671
4298,Rue du Catel E,Rue du Catel ,45876,71412,49.237668041,-2.0543112012
4323,Les Hougues E,Les Hougues ,44770,70924,49.2332897278,-2.0695045018
4324,Maupertuis Lane,Maupertuis Lane,43840,63653,49.1679176017,-2.0823435146
4325,Cinq Chenes Estate W,Cinq Chenes Estate ,44090,66937,49.1974448252,-2.0788819799
4326,Cinq Chenes Estate E,Cinq Chenes Estate ,44001,66982,49.1978500388,-2.0801026816
4327,Timaru Farm,Timaru Farm,38147,72192,49.2447068972,-2.1604488749
4328,Rue du Cerf W,Rue du Cerf ,38541,71866,49.241783,-2.15504
4329,St John Cemetery E,St John Cemetery ,39394,72301,49.2456894886,-2.1433228948
4342,St John Cemetery W,St John Cemetery ,39436,72304,49.2457165036,-2.1427460648
4343,Anne Port Slipway S,Anne Port Slipway ,48190,67808,49.2052355519,-2.0226090908
4345,Anne Port Slipway N,Anne Port Slipway ,48180,67816,49.2053076188,-2.0227461571
4346,St Georges Church,St Georges Church,33305,72486,49.2473166469,-2.226953161
4347,Rue de la Presse,Rue de la Presse,36093,68889,49.2149978014,-2.188626095
4348,Rue du Bocage,Rue du Bocage,36030,68734,49.2136036864,-2.1894892783
4349,Rue des Fontaines,Rue des Fontaines,35850,68435,49.2109139815,-2.1919567349
4352,Ville de l'Eglise W,Ville de l'Eglise ,36226,68586,49.2122741551,-2.1867977383
4353,St Peters School,St Peters School,36359,68610,49.2124907596,-2.1849725461
4354,Carrefour Selous N,Carrefour Selous ,39234,70257,49.2273103792,-2.1455164561
4356,Oaklands Lane,Oaklands Lane,42721,67889,49.206012524,-2.0976592881
4357,R. J. Showground N,R. J. Showground ,43030,70754,49.2317722216,-2.0933972166
4358,R. J. Showground S,R. J. Showground ,43033,70764,49.2318621233,-2.0933559501
4359,Rue des Vignes W,Rue des Vignes ,36824,67906,49.2061631954,-2.1785848812
4362,Rue des Vignes E,Rue des Vignes ,36804,67912,49.2062170417,-2.1788593928
4363,Rue de Carteret E,Rue de Carteret ,43779,64940,49.179490354,-2.0831679036
4364,Jersey Post N,Jersey Post ,43914,65098,49.1809102019,-2.0813147317
4365,The Manor Lodge,The Manor Lodge,44012,65289,49.1826269898,-2.0799686389
4367,Hamptonne Museum,Hamptonne Museum,39508,69645,49.2218077599,-2.1417539451
4368,Le Bu de la Rue,Le Bu de la Rue,40629,69087,49.2167902796,-2.1263662573
4369,Trinity Youth Club S,Trinity Youth Club ,43165,71105,49.2349276088,-2.0915408592
4372,Bonne Nuit Bay W,Bonne Nuit Bay ,41007,72854,49.2506613321,-2.1211683222
4373,Patier Road,Patier Road,43598,66660,49.1949572045,-2.0856350831
4374,Dunell Road,Dunell Road,42707,64834,49.1785428928,-2.0978719753
4375,Millennium Court E,Millennium Court ,43089,64596,49.1764010557,-2.0926344588
4376,Millennium Court W,Millennium Court ,43100,64577,49.1762301572,-2.0924837405
4378,Clos de Charriere E,Clos de Charriere ,43309,64318,49.1739002052,-2.0896194516
4379,Clos de Charriere W,Clos de Charriere ,43296,64328,49.1739901925,-2.0897976553
4382,Woodbine Store,Woodbine Store,36693,65455,49.1841238198,-2.1803624623
4383,Sydney Crill Park E,Sydney Crill Park ,46066,63868,49.1698328747,-2.0518159971
4384,L'Horizon Hotel W,L'Horizon Hotel ,35719,65550,49.1849720133,-2.1937239258
4385,Hastings Road,Hastings Road,42655,64969,49.1797570044,-2.0985842938
4386,J. C. G. Coach Park,J. C. G. Coach Park,43196,65876,49.1879099242,-2.0911567912
4387,La Grande Mielle,La Grande Mielle,47262,64983,49.1798456773,-2.0353949726
4389,Clos de la Gare,Clos de la Gare,33902,65623,49.1856130462,-2.2186494124
4392,Le Marais,Le Marais,44048,63583,49.1672868433,-2.0794919933
4393,Le Grouet Slipway,Le Grouet Slipway,32369,65390,49.1835008313,-2.2396739121
4394,La Mare des Pres N,La Mare des Pres ,41683,72382,49.2464157983,-2.1118850866
4395,L'Etacquerel Fort W,L'Etacquerel Fort ,45170,71293,49.2366044002,-2.0640074663
4396,Rue du Catel W,Rue du Catel ,45860,71406,49.2376142444,-2.0545309994
4397,Les Vaux Larrons,Les Vaux Larrons,32962,65078,49.1807025,-2.2315343268
4398,Les Hougues W,Les Hougues ,44783,70925,49.2332986182,-2.0693259908
4524,Bus Station Stand B,Bus Station Stand B,41801,65392,49.1835636072,-2.1102957751
4525,Bus Station Stand C,Bus Station Stand C,41806,65388,49.1835276256,-2.1102272084
4526,Bus Station Stand D,Bus Station Stand D,41812,65383,49.1834826493,-2.1101449293
4527,Bus Station Stand E,Bus Station Stand E,41817,65378,49.1834376758,-2.1100763672
4528,Bus Station Stand F,Bus Station Stand F,41822,65373,49.1833927024,-2.1100078053
4529,Bus Station Stand G,Bus Station Stand G,41829,65368,49.1833477229,-2.1099118097
4532,Bus Station Stand H,Bus Station Stand H,41833,65364,49.183311744,-2.1098569604
4534,Bus Station Stand I,Bus Station Stand I,41840,65359,49.1832667644,-2.1097609651
4535,Bus Station Stand J,Bus Station Stand J,41844,65354,49.1832217938,-2.1097061206
4536,Bus Station Stand K,Bus Station Stand K,41849,65349,49.1831768201,-2.1096375593
4537,Bus Station Stand L,Bus Station Stand L,41836,65378,49.1834376193,-2.1098157459
4538,Bus Station Stand M,Bus Station Stand M,41824,65389,49.1835365641,-2.109980299
4539,Bus Station Stand N,Bus Station Stand N,41810,65402,49.1836534981,-2.1101722776
4542,Bus Station Stand O,Bus Station Stand O,41798,65412,49.1837434506,-2.1103368366
4543,Jersey Pearl,Jersey Pearl,32832,70667,49.2309555158,-2.2334171134
4545,St Brelades Bay E,St Brelades Bay ,35392,65624,49.185635033,-2.1982103402
4546,La Mare Wine Estate,La Mare Wine Estate,37588,72295,49.2456310892,-2.1681267308
4547,Les Routeurs S,Les Routeurs ,44475,67579,49.2032148094,-2.0735923331
4548,Beauvoir,Beauvoir,33769,65461,49.1841550518,-2.220471331
4549,Ville de l'Eglise E,Ville de l'Eglise ,36192,68577,49.2121930197,-2.1872642991
4562,La Nouvelle Croix E,La Nouvelle Croix ,43045,71307,49.2367445298,-2.0931870655
4563,Hautes Croix Store N,Hautes Croix Store ,41715,71590,49.2392943321,-2.1114489742
4564,Gainsborough Close,Gainsborough Close,45025,68082,49.2077333709,-2.0660387381
4565,Route de l'Eglise,Route de l'Eglise,37236,71185,49.2356488809,-2.1729534957
4567,Clos des Blanches E,Clos des Blanches ,43528,64004,49.171077,-2.086619
4568,Clos des Blanches W,Clos des Blanches ,43508,64019,49.171216,-2.086898
4569,Le Neuf Chemin N,Le Neuf Chemin ,39657,71431,49.237874,-2.139711
4572,Le Neuf Chemin S,Le Neuf Chemin ,39696,71488,49.238389,-2.139185
